id,initial,min,max,group
ssr2gw_01,10,0.1,1000,ssr2gw_scale
ssr2gw_02,10,0.1,1000,ssr2gw_scale
ssr2gw_03,10,0.1,1000,ssr2gw_scale
ssr2gw_04,10,0.1,1000,ssr2gw_scale
ssr2gw_05,10,0.1,1000,ssr2gw_scale
ssr2gw_06,10,0.1,1000,ssr2gw_scale
ssr2gw_07,10,0.1,1000,ssr2gw_scale
ssr2gw_08,10,0.1,1000,ssr2gw_scale
ssr2gw_09,10,0.1,1000,ssr2gw_scale
ssr2gw_10,10,0.1,1000,ssr2gw_scale
ssr2gw_11,10,0.1,1000,ssr2gw_scale
ssr2gw_12,10,0.1,1000,ssr2gw_scale
bedlknc_h_02,1000,0.0000001,1000,lkbdlknc
bedlknc_h_03,1000,0.0000001,1000,lkbdlknc
bedlknc_h_04,1000,0.0000001,1000,lkbdlknc
bedlknc_h_05,1000,0.0000001,1000,lkbdlknc
bedlknc_h_06,1000,0.0000001,1000,lkbdlknc
bedlknc_h_07,1000,0.0000001,1000,lkbdlknc
bedlknc_h_08,1000,0.0000001,1000,lkbdlknc
bedlknc_h_09,1000,0.0000001,1000,lkbdlknc
bedlknc_h_10,1000,0.0000001,1000,lkbdlknc
bedlknc_l_02,1000,0.0000001,1000,lkbdlknc
bedlknc_l_03,1000,0.0000001,1000,lkbdlknc
bedlknc_l_04,1000,0.0000001,1000,lkbdlknc
bedlknc_l_05,1000,0.0000001,1000,lkbdlknc
bedlknc_l_06,1000,0.0000001,1000,lkbdlknc
bedlknc_l_07,1000,0.0000001,1000,lkbdlknc
bedlknc_l_08,1000,0.0000001,1000,lkbdlknc
bedlknc_l_09,1000,0.0000001,1000,lkbdlknc
bedlknc_l_10,1000,0.0000001,1000,lkbdlknc
strmbdk_1,0.285685,0.001,5669.3,strmbdk
strmbdk_2,0.8525452,0.001,5669.3,strmbdk
strmbdk_3,0.1191662,0.001,5669.3,strmbdk
strmbdk_4,0.4267345,0.001,5669.3,strmbdk
strmbdk_5,0.1908048,0.001,5669.3,strmbdk
strmbdk_6,0.4254548,0.001,5669.3,strmbdk
strmbdk_7,0.2500717,0.001,5669.3,strmbdk
strmbdk_8,0.4661083,0.001,5669.3,strmbdk
strmbdk_9,2.93524,0.001,5669.3,strmbdk
strmbdk_10,3.014698,1,566930,strmbdk
strmbdk_11,17.46298,1,566930,strmbdk
strmbdk_12,15.00411,1,566930,strmbdk
strmbdk_13,1,1,566930,strmbdk
strmbdk_14,1,1,566930,strmbdk
strmbdk_15,1,1,566930,strmbdk
strmbdk_16,1,1,566930,strmbdk
strmbdk_17,1.000001,1,566930,strmbdk
strmbdk_18,1,1,566930,strmbdk
strmbdk_19,1.000001,1,566930,strmbdk
strmbdk_21,1,1,566930,strmbdk
strmbdk_22,1,1,566930,strmbdk
strmbdk_23,1,1,566930,strmbdk
strmbdk_24,1,1,566930,strmbdk
strmbdk_25,1.157322,1,566930,strmbdk
strmbdk_26,1.167631,1,566930,strmbdk
strmbdk_27,1,1,566930,strmbdk
strmbdk_28,1,1,566930,strmbdk
strmbdk_29,1.00009,1,566930,strmbdk
strmbdk_30,1,1,566930,strmbdk
strmbdk_31,1.001354,1,566930,strmbdk
strmbdk_32,1,1,566930,strmbdk
strmbdk_33,1.00001,1,566930,strmbdk
pp_1_vks,2.71E-05,1.42E-06,0.1417325,vks
pp_2_vks,2.71E-05,1.42E-06,0.1417325,vks
pp_3_vks,2.71E-05,1.42E-06,0.1417325,vks
pp_4_vks,2.71E-05,1.42E-06,0.1417325,vks
pp_5_vks,2.71E-05,1.42E-06,0.1417325,vks
pp_6_vks,2.71E-05,1.42E-06,0.1417325,vks
pp_7_vks,2.71E-05,1.42E-06,0.1417325,vks
pp_8_vks,2.71E-05,1.42E-06,0.1417325,vks
pp_9_vks,2.71E-05,1.42E-06,0.1417325,vks
pp_10_vks,2.71E-05,1.42E-06,0.1417325,vks
pp_11_vks,2.71E-05,1.42E-06,0.1417325,vks
pp_12_vks,4.00E+01,0.0001,5669.3,vks
pp_13_vks,2.72E-05,1.42E-06,0.1417325,vks
pp_14_vks,4.00E+01,0.0001,5669.3,vks
pp_15_vks,4.00E+01,0.001,566930,vks
pp_16_vks,4.00E+01,0.0001,5669.3,vks
pp_17_vks,2.71E-05,1.42E-06,0.1417325,vks
pp_18_vks,4.00E+01,0.001,566930,vks
pp_19_vks,4.00E+01,0.0001,5669.3,vks
pp_20_vks,4.00E+01,0.0001,5669.3,vks
pp_21_vks,4.00E+01,0.0001,5669.3,vks
pp_22_vks,4.00E+01,0.0001,5669.3,vks
pp_23_vks,4.00E+01,0.0001,5669.3,vks
pp_24_vks,4.00E+01,0.0001,5669.3,vks
pp_25_vks,2.71E-05,1.42E-06,0.1417325,vks
pp_26_vks,2.71E-05,1.42E-06,0.1417325,vks
pp_27_vks,4.00E+01,0.001,566930,vks
pp_28_vks,4.00E+01,0.0001,5669.3,vks
pp_29_vks,4.00E+01,0.001,566930,vks
pp_30_vks,4.00E+01,0.0001,5669.3,vks
pp_31_vks,2.71E-05,1.42E-06,0.1417325,vks
pp_32_vks,4.00E+01,0.0001,5669.3,vks
pp_33_vks,1.00E-03,0.001,566930,vks
pp_34_vks,2.71E-05,1.42E-06,0.1417325,vks
pp_35_vks,2.71E-05,1.42E-06,0.1417325,vks
pp_36_vks,2.71E-05,1.42E-06,0.1417325,vks
pp_37_vks,2.71E-05,1.42E-06,0.1417325,vks
pp_38_vks,4.00E+01,0.001,566930,vks
pp_39_vks,4.00E+01,0.001,566930,vks
pp_40_vks,2.71E-05,1.42E-05,0.1417325,vks
pp_41_vks,4.00E+01,0.001,566930,vks
pp_42_vks,4.00E+01,0.0001,5669.3,vks
pp_43_vks,4.00E+01,0.001,566930,vks
pp_44_vks,4.00E+01,0.0001,5669.3,vks
pp_45_vks,4.00E+01,0.001,566930,vks
pp_46_vks,4.00E+01,0.001,566930,vks
pp_47_vks,4.00E+01,0.0001,5669.3,vks
pp_48_vks,6.99E-03,0.001,566930,vks
pp_49_vks,4.00E+01,0.0001,5669.3,vks
pp_50_vks,4.00E+01,0.001,566930,vks
pp_51_vks,4.00E+01,0.001,566930,vks
pp_52_vks,4.00E+01,0.0001,5669.3,vks
pp_53_vks,4.00E+01,0.001,566930,vks
pp_54_vks,4.00E+01,0.001,566930,vks
pp_55_vks,4.00E+01,0.001,566930,vks
pp_56_vks,4.00E+01,0.0001,5669.3,vks
pp_57_vks,5.00E-03,0.001,566930,vks
pp_58_vks,5.00E-03,0.001,566930,vks
pp_59_vks,4.00E+01,0.001,566930,vks
pp_60_vks,5.00E-03,0.001,566930,vks
pp_61_vks,5.00E-03,0.001,566930,vks
pp_62_vks,5.00E-03,0.001,566930,vks
pp_63_vks,1.06E-03,0.001,566930,vks
pp_64_vks,8.94E-02,0.001,566930,vks
pp_65_vks,5.00E-02,0.01,283.465,vks
pp_66_vks,4.00E+01,0.001,566930,vks
pp_67_vks,5.09E-03,0.001,566930,vks
pp_68_vks,4.00E+01,0.001,566930,vks
pp_69_vks,4.00E+01,0.01,283.465,vks
pp_70_vks,4.00E+01,0.01,283.465,vks
pp_71_vks,4.00E+01,0.001,566930,vks
pp_72_vks,4.00E+01,0.001,566930,vks
pp_73_vks,1.190572,0.001,566930,vks
pp_74_vks,6.84E-03,0.001,566930,vks
pp_75_vks,7.13E-03,0.001,566930,vks
pp_76_vks,6.85E-02,0.001,566930,vks
pp_77_vks,4.85E-04,0.0001,5669.3,vks
pp_78_vks,4.00E+01,0.001,566930,vks
pp_79_vks,3.12E-02,0.001,566930,vks
pp_80_vks,0.1,0.01,283.465,vks
pp_81_vks,0.1,0.01,283.465,vks
pp_82_vks,8.89E-02,0.001,566930,vks
pp_83_vks,5.00E-02,0.01,283.465,vks
pp_84_vks,7.05E-03,0.001,566930,vks
pp_85_vks,5.349497,0.001,566930,vks
pp_86_vks,5.00E-03,0.001,566930,vks
pp_87_vks,5.00E-03,0.001,566930,vks
pp_88_vks,2.50E-02,0.001,566930,vks
pp_89_vks,2.50E-02,0.001,566930,vks
pp_90_vks,2.50E-02,0.001,566930,vks
pp_91_vks,2.50E-02,0.001,566930,vks
pp_92_vks,0.1,0.01,283.465,vks
pp_93_vks,5.00E-03,0.0001,5669.3,vks
pp_94_vks,0.1,0.01,283.465,vks
pp_95_vks,4.00E+01,0.001,566930,vks
pp_96_vks,4.00E+01,0.001,566930,vks
pp_97_vks,4.00E+01,0.001,566930,vks
pp_98_vks,4.00E+01,0.001,566930,vks
pp_99_vks,4.00E+01,0.001,566930,vks
pp_100_vks,4.00E+01,0.0001,5669.3,vks
pp_1_l_1,200,1,283.465,ppts_l1
pp_2_l_1,200,1,283.465,ppts_l1
pp_3_l_1,200,1,283.465,ppts_l1
pp_4_l_1,200,1,283.465,ppts_l1
pp_5_l_1,200,1,283.465,ppts_l1
pp_6_l_1,200,1,283.465,ppts_l1
pp_7_l_1,200,1,283.465,ppts_l1
pp_8_l_1,200,1,283.465,ppts_l1
pp_9_l_1,200,1,283.465,ppts_l1
pp_10_l_1,200,1,283.465,ppts_l1
pp_11_l_1,200,1,283.465,ppts_l1
pp_12_l_1,200,1,283.465,ppts_l1
pp_13_l_1,200,1,283.465,ppts_l1
pp_14_l_1,200,1,283.465,ppts_l1
pp_15_l_1,200,1,283.465,ppts_l1
pp_16_l_1,200,1,283.465,ppts_l1
pp_17_l_1,200,1,283.465,ppts_l1
pp_18_l_1,200,1,283.465,ppts_l1
pp_19_l_1,200,1,283.465,ppts_l1
pp_20_l_1,200,1,283.465,ppts_l1
pp_21_l_1,200,1,283.465,ppts_l1
pp_22_l_1,200,1,283.465,ppts_l1
pp_23_l_1,200,1,283.465,ppts_l1
pp_24_l_1,200,1,283.465,ppts_l1
pp_25_l_1,200,1,283.465,ppts_l1
pp_26_l_1,200,1,283.465,ppts_l1
pp_27_l_1,200,1,283.465,ppts_l1
pp_28_l_1,200,1,283.465,ppts_l1
pp_29_l_1,200,1,283.465,ppts_l1
pp_30_l_1,200,1,283.465,ppts_l1
pp_31_l_1,200,1,283.465,ppts_l1
pp_32_l_1,200,1,283.465,ppts_l1
pp_33_l_1,200,1,283.465,ppts_l1
pp_34_l_1,200,1,283.465,ppts_l1
pp_35_l_1,200,1,283.465,ppts_l1
pp_36_l_1,200,1,283.465,ppts_l1
pp_37_l_1,200,1,283.465,ppts_l1
pp_38_l_1,200,1,283.465,ppts_l1
pp_39_l_1,200,1,283.465,ppts_l1
pp_40_l_1,200,1,283.465,ppts_l1
pp_41_l_1,200,1,283.465,ppts_l1
pp_42_l_1,200,5,566930,ppts_l1
pp_43_l_1,200,1,283.465,ppts_l1
pp_44_l_1,200,1,283.465,ppts_l1
pp_45_l_1,200,1,283.465,ppts_l1
pp_46_l_1,200,5,566930,ppts_l1
pp_47_l_1,200,1,283.465,ppts_l1
pp_48_l_1,200,1,283.465,ppts_l1
pp_49_l_1,200,1,283.465,ppts_l1
pp_50_l_1,200,1,283.465,ppts_l1
pp_51_l_1,200,1,283.465,ppts_l1
pp_52_l_1,200,1,283.465,ppts_l1
pp_53_l_1,200,5,566930,ppts_l1
pp_54_l_1,200,1,283.465,ppts_l1
pp_55_l_1,200,5,566930,ppts_l1
pp_56_l_1,200,5,566930,ppts_l1
pp_57_l_1,200,1,283.465,ppts_l1
pp_58_l_1,200,1,283.465,ppts_l1
pp_59_l_1,200,5,566930,ppts_l1
pp_60_l_1,200,1,283.465,ppts_l1
pp_61_l_1,200,1,283.465,ppts_l1
pp_62_l_1,200,5,566930,ppts_l1
pp_63_l_1,200,1,283.465,ppts_l1
pp_64_l_1,200,5,566930,ppts_l1
pp_65_l_1,200,1,283.465,ppts_l1
pp_66_l_1,200,5,566930,ppts_l1
pp_67_l_1,200,1,283.465,ppts_l1
pp_68_l_1,200,5,566930,ppts_l1
pp_69_l_1,200,5,566930,ppts_l1
pp_70_l_1,200,5,566930,ppts_l1
pp_71_l_1,200,5,566930,ppts_l1
pp_72_l_1,200,5,566930,ppts_l1
pp_73_l_1,200,5,566930,ppts_l1
pp_74_l_1,200,1,283.465,ppts_l1
pp_75_l_1,200,5,566930,ppts_l1
pp_76_l_1,200,1,283.465,ppts_l1
pp_77_l_1,200,1,283.465,ppts_l1
pp_78_l_1,200,1,283.465,ppts_l1
pp_79_l_1,200,1,283.465,ppts_l1
pp_80_l_1,200,1,283.465,ppts_l1
pp_81_l_1,200,1,283.465,ppts_l1
pp_82_l_1,200,1,283.465,ppts_l1
pp_83_l_1,200,5,566930,ppts_l1
pp_84_l_1,200,1,283.465,ppts_l1
pp_85_l_1,200,5,566930,ppts_l1
pp_86_l_1,200,1,283.465,ppts_l1
pp_87_l_1,200,1,283.465,ppts_l1
pp_88_l_1,200,5,566930,ppts_l1
pp_89_l_1,200,1,283.465,ppts_l1
pp_90_l_1,200,1,283.465,ppts_l1
pp_91_l_1,200,5,566930,ppts_l1
pp_92_l_1,200,5,566930,ppts_l1
pp_93_l_1,200,1,283.465,ppts_l1
pp_94_l_1,200,1,283.465,ppts_l1
pp_95_l_1,200,1,283.465,ppts_l1
pp_96_l_1,200,1,283.465,ppts_l1
pp_97_l_1,200,1,283.465,ppts_l1
pp_98_l_1,200,1,283.465,ppts_l1
pp_99_l_1,200,1,283.465,ppts_l1
pp_100_l_1,200,1,283.465,ppts_l1
pp_1_l_2,200,1,283.465,ppts_l2
pp_2_l_2,200,1,283.465,ppts_l2
pp_3_l_2,200,5,5669.3,ppts_l2
pp_4_l_2,200,1,283.465,ppts_l2
pp_5_l_2,200,1,283.465,ppts_l2
pp_6_l_2,200,1,283.465,ppts_l2
pp_7_l_2,200,5,5669.3,ppts_l2
pp_8_l_2,200,5,5669.3,ppts_l2
pp_9_l_2,200,1,283.465,ppts_l2
pp_10_l_2,200,1,283.465,ppts_l2
pp_11_l_2,200,1,283.465,ppts_l2
pp_12_l_2,200,1,283.465,ppts_l2
pp_13_l_2,200,1,283.465,ppts_l2
pp_14_l_2,200,1,283.465,ppts_l2
pp_15_l_2,200,1,283.465,ppts_l2
pp_16_l_2,200,1,283.465,ppts_l2
pp_17_l_2,200,1,283.465,ppts_l2
pp_18_l_2,200,1,283.465,ppts_l2
pp_19_l_2,200,1,283.465,ppts_l2
pp_20_l_2,200,1,283.465,ppts_l2
pp_21_l_2,200,5,5669.3,ppts_l2
pp_22_l_2,200,1,283.465,ppts_l2
pp_23_l_2,200,1,283.465,ppts_l2
pp_24_l_2,200,5,5669.3,ppts_l2
pp_25_l_2,200,5,5669.3,ppts_l2
pp_26_l_2,200,1,283.465,ppts_l2
pp_27_l_2,200,1,283.465,ppts_l2
pp_28_l_2,200,1,283.465,ppts_l2
pp_29_l_2,200,5,5669.3,ppts_l2
pp_30_l_2,200,1,283.465,ppts_l2
pp_31_l_2,200,1,283.465,ppts_l2
pp_32_l_2,200,1,283.465,ppts_l2
pp_33_l_2,200,1,283.465,ppts_l2
pp_34_l_2,200,5,5669.3,ppts_l2
pp_35_l_2,200,1,283.465,ppts_l2
pp_36_l_2,200,5,5669.3,ppts_l2
pp_37_l_2,200,1,283.465,ppts_l2
pp_38_l_2,200,1,283.465,ppts_l2
pp_39_l_2,200,1,283.465,ppts_l2
pp_40_l_2,200,1,283.465,ppts_l2
pp_41_l_2,200,5,5669.3,ppts_l2
pp_42_l_2,200,5,5669.3,ppts_l2
pp_43_l_2,200,1,283.465,ppts_l2
pp_44_l_2,200,5,5669.3,ppts_l2
pp_45_l_2,200,1,283.465,ppts_l2
pp_46_l_2,200,5,5669.3,ppts_l2
pp_47_l_2,200,1,283.465,ppts_l2
pp_48_l_2,200,1,283.465,ppts_l2
pp_49_l_2,200,1,283.465,ppts_l2
pp_50_l_2,200,5,5669.3,ppts_l2
pp_51_l_2,200,1,283.465,ppts_l2
pp_52_l_2,200,1,283.465,ppts_l2
pp_53_l_2,200,5,5669.3,ppts_l2
pp_54_l_2,200,5,5669.3,ppts_l2
pp_55_l_2,200,5,5669.3,ppts_l2
pp_56_l_2,200,5,5669.3,ppts_l2
pp_57_l_2,200,1,283.465,ppts_l2
pp_58_l_2,200,1,283.465,ppts_l2
pp_59_l_2,200,5,5669.3,ppts_l2
pp_60_l_2,200,5,5669.3,ppts_l2
pp_61_l_2,200,1,283.465,ppts_l2
pp_62_l_2,200,5,5669.3,ppts_l2
pp_63_l_2,200,1,283.465,ppts_l2
pp_64_l_2,200,5,5669.3,ppts_l2
pp_65_l_2,200,5,5669.3,ppts_l2
pp_66_l_2,200,5,5669.3,ppts_l2
pp_67_l_2,200,5,5669.3,ppts_l2
pp_68_l_2,200,5,5669.3,ppts_l2
pp_69_l_2,200,5,5669.3,ppts_l2
pp_70_l_2,200,5,5669.3,ppts_l2
pp_71_l_2,200,5,5669.3,ppts_l2
pp_72_l_2,200,5,5669.3,ppts_l2
pp_73_l_2,200,5,5669.3,ppts_l2
pp_74_l_2,200,5,5669.3,ppts_l2
pp_75_l_2,200,5,5669.3,ppts_l2
pp_76_l_2,200,5,5669.3,ppts_l2
pp_77_l_2,200,1,283.465,ppts_l2
pp_78_l_2,200,5,5669.3,ppts_l2
pp_79_l_2,200,1,283.465,ppts_l2
pp_80_l_2,200,1,283.465,ppts_l2
pp_81_l_2,200,5,5669.3,ppts_l2
pp_82_l_2,200,1,283.465,ppts_l2
pp_83_l_2,200,5,5669.3,ppts_l2
pp_84_l_2,200,5,5669.3,ppts_l2
pp_85_l_2,200,5,5669.3,ppts_l2
pp_86_l_2,200,5,5669.3,ppts_l2
pp_87_l_2,200,5,5669.3,ppts_l2
pp_88_l_2,200,5,5669.3,ppts_l2
pp_89_l_2,200,5,5669.3,ppts_l2
pp_90_l_2,200,5,5669.3,ppts_l2
pp_91_l_2,200,5,5669.3,ppts_l2
pp_92_l_2,200,5,5669.3,ppts_l2
pp_93_l_2,200,1,283.465,ppts_l2
pp_94_l_2,200,1,283.465,ppts_l2
pp_95_l_2,200,1,283.465,ppts_l2
pp_96_l_2,200,5,5669.3,ppts_l2
pp_97_l_2,200,1,283.465,ppts_l2
pp_98_l_2,200,1,283.465,ppts_l2
pp_99_l_2,200,5,5669.3,ppts_l2
pp_100_l_2,200,5,5669.3,ppts_l2
pp_1_l_3,1.00E-04,1.42E-08,1.42E-02,ppts_l3
pp_2_l_3,1.00E-04,1.42E-08,1.42E-02,ppts_l3
pp_3_l_3,1.00E-04,1.42E-08,1.42E-02,ppts_l3
pp_4_l_3,1.00E-04,1.42E-08,1.42E-02,ppts_l3
pp_5_l_3,1.00E-04,1.42E-08,1.42E-02,ppts_l3
pp_6_l_3,1.00E-04,1.42E-08,1.42E-02,ppts_l3
pp_7_l_3,1.00E-04,1.42E-08,1.42E-02,ppts_l3
pp_8_l_3,1.00E-04,1.42E-08,1.42E-02,ppts_l3
pp_9_l_3,1.00E-04,1.42E-08,1.42E-02,ppts_l3
pp_10_l_3,1.00E-04,1.42E-08,1.42E-02,ppts_l3
pp_11_l_3,1.00E-04,1.42E-08,1.42E-02,ppts_l3
pp_12_l_3,1.00E-04,1.42E-08,1.42E-02,ppts_l3
pp_13_l_3,1.00E-04,1.42E-08,1.42E-02,ppts_l3
pp_14_l_3,1.00E-04,1.42E-08,1.42E-02,ppts_l3
pp_15_l_3,1.00E-04,1.42E-08,1.42E-02,ppts_l3
pp_16_l_3,1.00E-04,1.42E-08,1.42E-02,ppts_l3
pp_17_l_3,1.00E-04,1.42E-08,1.42E-02,ppts_l3
pp_18_l_3,1.00E-04,1.42E-08,1.42E-02,ppts_l3
pp_19_l_3,1.00E-04,1.42E-08,1.42E-02,ppts_l3
pp_20_l_3,1.00E-04,1.42E-08,1.42E-02,ppts_l3
pp_21_l_3,1.00E-04,1.42E-08,1.42E-02,ppts_l3
pp_22_l_3,1.00E-04,1.42E-08,1.42E-02,ppts_l3
pp_23_l_3,1.00E-04,1.42E-08,1.42E-02,ppts_l3
pp_24_l_3,1.00E-04,1.42E-08,1.42E-02,ppts_l3
pp_25_l_3,1.00E-04,1.42E-08,1.42E-02,ppts_l3
pp_26_l_3,1.00E-04,1.42E-08,1.42E-02,ppts_l3
pp_27_l_3,1.44E-04,1.42E-08,1.42E-02,ppts_l3
pp_28_l_3,1.00E-04,1.42E-08,1.42E-02,ppts_l3
pp_29_l_3,1.00E-04,1.42E-08,1.42E-02,ppts_l3
pp_30_l_3,9.96E-05,1.42E-08,1.42E-02,ppts_l3
pp_31_l_3,1.08E-04,1.42E-08,1.42E-02,ppts_l3
pp_32_l_3,1.00E-04,1.42E-08,1.42E-02,ppts_l3
pp_33_l_3,9.83E-05,1.42E-08,1.42E-02,ppts_l3
pp_34_l_3,1.43E-02,0.001417325,0.1417325,ppts_l3
pp_35_l_3,1.00E-04,1.42E-08,1.42E-04,ppts_l3
pp_36_l_3,1.49E-02,0.001417325,0.1417325,ppts_l3
pp_37_l_3,1.00E-04,1.42E-08,1.42E-04,ppts_l3
pp_38_l_3,1.00E-04,1.42E-08,1.42E-04,ppts_l3
pp_39_l_3,1.00E-04,1.42E-08,1.42E-04,ppts_l3
pp_40_l_3,1.00E-04,1.42E-08,1.42E-04,ppts_l3
pp_41_l_3,0.1417308,0.001417325,0.1417325,ppts_l3
pp_42_l_3,0.141728,0.001417325,0.1417325,ppts_l3
pp_43_l_3,1.42E-04,1.42E-08,1.42E-04,ppts_l3
pp_44_l_3,0.141732,0.001417325,0.1417325,ppts_l3
pp_45_l_3,1.00E-04,1.42E-08,1.42E-04,ppts_l3
pp_46_l_3,1.41E-02,0.001417325,0.1417325,ppts_l3
pp_47_l_3,1.00E-04,1.42E-08,1.42E-04,ppts_l3
pp_48_l_3,1.42E-04,1.42E-08,1.42E-04,ppts_l3
pp_49_l_3,9.98E-05,1.42E-08,1.42E-04,ppts_l3
pp_50_l_3,1.41E-02,0.001417325,0.1417325,ppts_l3
pp_51_l_3,1.00E-04,1.42E-08,1.42E-04,ppts_l3
pp_52_l_3,9.82E-05,1.42E-08,1.42E-04,ppts_l3
pp_53_l_3,1.41E-02,0.001417325,0.1417325,ppts_l3
pp_54_l_3,1.42E-02,0.001417325,0.1417325,ppts_l3
pp_55_l_3,1.42E-02,0.001417325,0.1417325,ppts_l3
pp_56_l_3,1.42E-02,0.001417325,0.1417325,ppts_l3
pp_57_l_3,1.42E-04,1.42E-08,1.42E-04,ppts_l3
pp_58_l_3,1.42E-04,1.42E-08,1.42E-04,ppts_l3
pp_59_l_3,1.42E-02,0.001417325,0.1417325,ppts_l3
pp_60_l_3,1.42E-02,0.001417325,0.1417325,ppts_l3
pp_61_l_3,1.42E-04,1.42E-08,1.42E-04,ppts_l3
pp_62_l_3,1.42E-02,0.001417325,0.1417325,ppts_l3
pp_63_l_3,1.42E-04,1.42E-08,1.42E-04,ppts_l3
pp_64_l_3,1.42E-02,0.001417325,0.1417325,ppts_l3
pp_65_l_3,1.42E-02,0.001417325,0.1417325,ppts_l3
pp_66_l_3,1.42E-02,0.001417325,0.1417325,ppts_l3
pp_67_l_3,1.42E-02,0.001417325,0.1417325,ppts_l3
pp_68_l_3,1.42E-02,0.001417325,0.1417325,ppts_l3
pp_69_l_3,1.42E-02,0.001417325,0.1417325,ppts_l3
pp_70_l_3,1.42E-02,0.001417325,0.1417325,ppts_l3
pp_71_l_3,1.42E-02,0.001417325,0.1417325,ppts_l3
pp_72_l_3,1.40E-02,0.001417325,0.1417325,ppts_l3
pp_73_l_3,1.37E-02,0.001417325,0.1417325,ppts_l3
pp_74_l_3,1.42E-03,0.001417325,0.1417325,ppts_l3
pp_75_l_3,1.39E-02,0.001417325,0.1417325,ppts_l3
pp_76_l_3,1.42E-03,0.001417325,0.1417325,ppts_l3
pp_77_l_3,1.81E-03,0.001417325,0.1417325,ppts_l3
pp_78_l_3,1.42E-03,0.001417325,0.1417325,ppts_l3
pp_79_l_3,1.42E-03,0.001417325,0.1417325,ppts_l3
pp_80_l_3,1.42E-04,1.42E-08,1.42E-04,ppts_l3
pp_81_l_3,1.42E-02,0.001417325,0.1417325,ppts_l3
pp_82_l_3,1.42E-02,0.001417325,0.1417325,ppts_l3
pp_83_l_3,1.42E-02,0.001417325,0.1417325,ppts_l3
pp_84_l_3,1.42E-02,0.001417325,0.1417325,ppts_l3
pp_85_l_3,1.42E-02,0.001417325,0.1417325,ppts_l3
pp_86_l_3,1.42E-02,0.001417325,0.1417325,ppts_l3
pp_87_l_3,1.42E-02,0.001417325,0.1417325,ppts_l3
pp_88_l_3,1.42E-02,0.001417325,0.1417325,ppts_l3
pp_89_l_3,1.42E-02,0.001417325,0.1417325,ppts_l3
pp_90_l_3,1.42E-02,0.001417325,0.1417325,ppts_l3
pp_91_l_3,1.42E-02,0.001417325,0.1417325,ppts_l3
pp_92_l_3,1.42E-02,0.001417325,0.1417325,ppts_l3
pp_93_l_3,1.42E-02,0.001417325,0.1417325,ppts_l3
pp_94_l_3,1.42E-04,1.42E-08,1.42E-04,ppts_l3
pp_95_l_3,1.84E-03,0.001417325,0.1417325,ppts_l3
pp_96_l_3,1.42E-03,0.001417325,0.1417325,ppts_l3
pp_97_l_3,1.00E-04,1.42E-08,1.42E-04,ppts_l3
pp_98_l_3,1.42E-02,0.001417325,0.1417325,ppts_l3
pp_99_l_3,1.00E-04,1.42E-08,1.42E-04,ppts_l3
pp_100_l_3,1.00E-04,1.42E-08,1.42E-04,ppts_l3
pp_1_l_4,1.00E-05,1.42E-08,1.00E-04,ppts_l4
pp_2_l_4,1.00E-05,1.42E-08,1.00E-04,ppts_l4
pp_3_l_4,1.00E-05,1.42E-08,1.00E-04,ppts_l4
pp_4_l_4,1.00E-05,1.42E-08,1.00E-04,ppts_l4
pp_5_l_4,1.00E-05,1.42E-08,1.00E-04,ppts_l4
pp_6_l_4,1.00E-05,1.42E-08,1.00E-04,ppts_l4
pp_7_l_4,1.00E-05,1.42E-08,1.00E-04,ppts_l4
pp_8_l_4,1.00E-05,1.42E-08,1.00E-04,ppts_l4
pp_9_l_4,1.00E-05,1.42E-08,1.00E-04,ppts_l4
pp_10_l_4,1.00E-05,1.42E-08,1.00E-04,ppts_l4
pp_11_l_4,1.00E-05,1.42E-08,1.00E-04,ppts_l4
pp_12_l_4,1.00E-05,1.42E-08,1.00E-04,ppts_l4
pp_13_l_4,1.00E-05,1.42E-08,1.00E-04,ppts_l4
pp_14_l_4,1.00E-05,1.42E-08,1.00E-04,ppts_l4
pp_15_l_4,1.00E-05,1.42E-08,1.00E-04,ppts_l4
pp_16_l_4,1.00E-05,1.42E-08,1.00E-04,ppts_l4
pp_17_l_4,1.00E-05,1.42E-08,1.00E-04,ppts_l4
pp_18_l_4,1.00E-05,1.42E-08,1.00E-04,ppts_l4
pp_19_l_4,1.00E-05,1.42E-08,1.00E-04,ppts_l4
pp_20_l_4,1.00E-05,1.42E-08,1.00E-04,ppts_l4
pp_21_l_4,1.00E-05,1.42E-08,1.00E-04,ppts_l4
pp_22_l_4,1.00E-05,1.42E-08,1.00E-04,ppts_l4
pp_23_l_4,1.00E-05,1.42E-08,1.00E-04,ppts_l4
pp_24_l_4,1.00E-05,1.42E-08,1.00E-04,ppts_l4
pp_25_l_4,1.00E-05,1.42E-08,1.00E-04,ppts_l4
pp_26_l_4,1.00E-05,1.42E-08,1.00E-04,ppts_l4
pp_27_l_4,1.00E-05,1.42E-08,1.00E-04,ppts_l4
pp_28_l_4,1.00E-05,1.42E-08,1.00E-04,ppts_l4
pp_29_l_4,1.00E-05,1.42E-08,1.00E-04,ppts_l4
pp_30_l_4,1.00E-05,1.42E-08,1.00E-04,ppts_l4
pp_31_l_4,1.00E-05,1.42E-08,1.00E-04,ppts_l4
pp_32_l_4,1.00E-05,1.42E-08,1.00E-04,ppts_l4
pp_33_l_4,1.00E-05,1.42E-08,1.00E-04,ppts_l4
pp_34_l_4,1.00E-05,1.42E-08,1.00E-04,ppts_l4
pp_35_l_4,1.00E-05,1.42E-08,1.00E-04,ppts_l4
pp_36_l_4,1.00E-05,1.42E-08,1.00E-04,ppts_l4
pp_37_l_4,1.00E-05,1.42E-08,1.00E-04,ppts_l4
pp_38_l_4,1.00E-05,1.42E-08,1.00E-04,ppts_l4
pp_39_l_4,1.00E-05,1.42E-08,1.00E-04,ppts_l4
pp_40_l_4,1.00E-05,1.42E-08,1.00E-04,ppts_l4
pp_41_l_4,1.00E-05,1.42E-08,1.00E-04,ppts_l4
pp_42_l_4,1.00E-05,1.42E-08,1.00E-04,ppts_l4
pp_43_l_4,1.00E-05,1.42E-08,1.00E-04,ppts_l4
pp_44_l_4,1.00E-05,1.42E-08,1.00E-04,ppts_l4
pp_45_l_4,1.00E-05,1.42E-08,1.00E-04,ppts_l4
pp_46_l_4,1.00E-05,1.42E-08,1.00E-04,ppts_l4
pp_47_l_4,1.00E-05,1.42E-08,1.00E-04,ppts_l4
pp_48_l_4,1.00E-05,1.42E-08,1.00E-04,ppts_l4
pp_49_l_4,1.00E-05,1.42E-08,1.00E-04,ppts_l4
pp_50_l_4,1.00E-05,1.42E-08,1.00E-04,ppts_l4
pp_51_l_4,1.00E-05,1.42E-08,1.00E-04,ppts_l4
pp_52_l_4,1.00E-05,1.42E-08,1.00E-04,ppts_l4
pp_53_l_4,1.00E-05,1.42E-08,1.00E-04,ppts_l4
pp_54_l_4,1.00E-05,1.42E-08,1.00E-04,ppts_l4
pp_55_l_4,1.00E-05,1.42E-08,1.00E-04,ppts_l4
pp_56_l_4,1.00E-05,1.42E-08,1.00E-04,ppts_l4
pp_57_l_4,1.00E-05,1.42E-08,1.00E-04,ppts_l4
pp_58_l_4,1.00E-05,1.42E-08,1.00E-04,ppts_l4
pp_59_l_4,1.00E-05,1.42E-08,1.00E-04,ppts_l4
pp_60_l_4,1.00E-05,1.42E-08,1.00E-04,ppts_l4
pp_61_l_4,1.00E-05,1.42E-08,1.00E-04,ppts_l4
pp_62_l_4,1.00E-05,1.42E-08,1.00E-04,ppts_l4
pp_63_l_4,1.00E-05,1.42E-08,1.00E-04,ppts_l4
pp_64_l_4,1.00E-05,1.42E-08,1.00E-04,ppts_l4
pp_65_l_4,1.00E-05,1.42E-08,1.00E-04,ppts_l4
pp_66_l_4,1.00E-05,1.42E-08,1.00E-04,ppts_l4
pp_67_l_4,1.00E-05,1.42E-08,1.00E-04,ppts_l4
pp_68_l_4,1.00E-05,1.42E-08,1.00E-04,ppts_l4
pp_69_l_4,1.00E-05,1.42E-08,1.00E-04,ppts_l4
pp_70_l_4,1.00E-05,1.42E-08,1.00E-04,ppts_l4
pp_71_l_4,1.00E-05,1.42E-08,1.00E-04,ppts_l4
pp_72_l_4,1.00E-05,1.42E-08,1.00E-04,ppts_l4
pp_73_l_4,1.01E-05,1.42E-08,1.00E-04,ppts_l4
pp_74_l_4,1.00E-05,1.42E-08,1.00E-04,ppts_l4
pp_75_l_4,1.00E-05,1.42E-08,1.00E-04,ppts_l4
pp_76_l_4,1.00E-05,1.42E-08,1.00E-04,ppts_l4
pp_77_l_4,1.13E-05,1.42E-08,1.00E-04,ppts_l4
pp_78_l_4,1.00E-05,1.42E-08,1.00E-04,ppts_l4
pp_79_l_4,1.00E-05,1.42E-08,1.00E-04,ppts_l4
pp_80_l_4,1.00E-05,1.42E-08,1.00E-04,ppts_l4
pp_81_l_4,1.00E-05,1.42E-08,1.00E-04,ppts_l4
pp_82_l_4,1.00E-05,1.42E-08,1.00E-04,ppts_l4
pp_83_l_4,1.00E-05,1.42E-08,1.00E-04,ppts_l4
pp_84_l_4,1.00E-05,1.42E-08,1.00E-04,ppts_l4
pp_85_l_4,1.00E-05,1.42E-08,1.00E-04,ppts_l4
pp_86_l_4,1.00E-05,1.42E-08,1.00E-04,ppts_l4
pp_87_l_4,1.00E-05,1.42E-08,1.00E-04,ppts_l4
pp_88_l_4,1.00E-05,1.42E-08,1.00E-04,ppts_l4
pp_89_l_4,1.00E-05,1.42E-08,1.00E-04,ppts_l4
pp_90_l_4,1.00E-05,1.42E-08,1.00E-04,ppts_l4
pp_91_l_4,1.00E-05,1.42E-08,1.00E-04,ppts_l4
pp_92_l_4,1.00E-05,1.42E-08,1.00E-04,ppts_l4
pp_93_l_4,1.00E-05,1.42E-08,1.00E-04,ppts_l4
pp_94_l_4,1.00E-05,1.42E-08,1.00E-04,ppts_l4
pp_95_l_4,1.00E-05,1.42E-08,1.00E-04,ppts_l4
pp_96_l_4,1.00E-05,1.42E-08,1.00E-04,ppts_l4
pp_97_l_4,1.00E-05,1.42E-08,1.00E-04,ppts_l4
pp_98_l_4,1.00E-05,1.42E-08,1.00E-04,ppts_l4
pp_99_l_4,1.00E-05,1.42E-08,1.00E-04,ppts_l4
pp_100_l_4,1.00E-05,1.42E-08,1.00E-04,ppts_l4
finf_zn_01,0.8070056,0.15,1.75,finf
finf_zn_02,0.46953,0.15,1.75,finf
finf_zn_03,0.5119016,0.15,1.75,finf
finf_zn_04,0.6067146,0.15,1.75,finf
finf_zn_05,0.15,0.15,1.75,finf
finf_zn_06,0.4846876,0.15,1.75,finf
finf_zn_07,0.15,0.15,1.75,finf
finf_zn_08,0.15,0.15,1.75,finf
finf_zn_09,0.15,0.15,1.75,finf
finf_zn_10,1.716783,0.15,1.75,finf
finf_zn_11,1.75,0.15,1.75,finf
finf_zn_12,1.75,0.15,1.75,finf
surfk_lo,1.41E-02,0.00001,283465,surfk
surfk_hi,9.00E-02,0.0001,283465,surfk
pet_zn_01,1.5,0.2,1.5,pet
pet_zn_02,1.49999,0.2,1.5,pet
pet_zn_03,0.2010196,0.2,1.5,pet
pet_zn_04,1.5,0.2,1.5,pet
pet_zn_05,1.3464,0.2,1.5,pet
pet_zn_06,0.2000084,0.2,1.5,pet
pet_zn_07,0.5000005,0.2,1.5,pet
pet_zn_08,0.2,0.2,1.5,pet
pet_zn_09,0.2,0.2,1.5,pet
pet_zn_10,1.5,0.2,1.5,pet
pet_zn_11,1.5,0.2,1.5,pet
pet_zn_12,1.482674,0.2,1.5,pet
